{
  "alpha_pattern": {},
  "auto_mapping": null,
  "base_model_name_or_path": "TheBloke/vigogne-2-70B-chat-GPTQ",
  "bias": "none",
  "fan_in_fan_out": false,
  "inference_mode": true,
  "init_lora_weights": true,
  "layers_pattern": null,
  "layers_to_transform": null,
  "lora_alpha": 32,
  "lora_dropout": 0.05,
  "modules_to_save": null,
  "peft_type": "LORA",
  "r": 8,
  "rank_pattern": {},
  "revision": null,
  "target_modules": [
    "v_proj",
    "k_proj",
    "o_proj",
    "q_proj"
  ],
  "task_type": "CAUSAL_LM"
}