{
  "alpha_pattern": {},
  "auto_mapping": {
    "base_model_class": "SegformerForSemanticSegmentation",
    "parent_library": "transformers.models.segformer.modeling_segformer"
  },
  "base_model_name_or_path": "nvidia/mit-b0",
  "bias": "none",
  "fan_in_fan_out": false,
  "inference_mode": true,
  "init_lora_weights": true,
  "layers_pattern": null,
  "layers_to_transform": null,
  "loftq_config": {},
  "lora_alpha": 32,
  "lora_dropout": 0.1,
  "megatron_config": null,
  "megatron_core": "megatron.core",
  "modules_to_save": [
    "decode_head"
  ],
  "peft_type": "LORA",
  "r": 16,
  "rank_pattern": {},
  "revision": null,
  "target_modules": [
    "query",
    "value",
    "key"
  ],
  "task_type": null
}