{
  "auto_mapping": {
    "base_model_class": "Blip2ForConditionalGeneration",
    "parent_library": "transformers.models.blip_2.modeling_blip_2"
  },
  "base_model_name_or_path": "blip2-opt-2.7b",
  "bias": "none",
  "fan_in_fan_out": false,
  "inference_mode": true,
  "init_lora_weights": true,
  "layers_pattern": null,
  "layers_to_transform": null,
  "lora_alpha": 32,
  "lora_dropout": 0.05,
  "modules_to_save": null,
  "peft_type": "LORA",
  "r": 16,
  "revision": null,
  "target_modules": [
    "q_proj",
    "k_proj"
  ],
  "task_type": null
}