{
  "alpha_pattern": {},
  "auto_mapping": null,
  "base_model_name_or_path": "google/gemma-2b",
  "bias": "all",
  "fan_in_fan_out": false,
  "inference_mode": true,
  "init_lora_weights": true,
  "layer_replication": null,
  "layers_pattern": null,
  "layers_to_transform": null,
  "loftq_config": {},
  "lora_alpha": 32,
  "lora_dropout": 0.05,
  "megatron_config": null,
  "megatron_core": "megatron.core",
  "modules_to_save": [
    "classifier",
    "score",
    "classifier",
    "score"
  ],
  "peft_type": "LORA",
  "r": 64,
  "rank_pattern": {},
  "revision": null,
  "target_modules": [
    "gate_proj",
    "k_proj",
    "up_proj",
    "q_proj",
    "o_proj",
    "down_proj",
    "v_proj"
  ],
  "task_type": "SEQ_CLS",
  "use_dora": false,
  "use_rslora": false
}