{
  "alpha_pattern": {},
  "auto_mapping": null,
  "base_model_name_or_path": "gguichard/camembert-large-resaved",
  "bias": "all",
  "fan_in_fan_out": false,
  "inference_mode": true,
  "init_lora_weights": true,
  "layers_pattern": null,
  "layers_to_transform": null,
  "loftq_config": {},
  "lora_alpha": 16,
  "lora_dropout": 0.1,
  "megatron_config": null,
  "megatron_core": "megatron.core",
  "modules_to_save": [
    "classifier"
  ],
  "peft_type": "LORA",
  "r": 32,
  "rank_pattern": {},
  "revision": null,
  "target_modules": [
    "value",
    "query",
    "key"
  ],
  "task_type": "TOKEN_CLS",
  "use_dora": false,
  "use_rslora": false
}