{
  "alpha_pattern": {},
  "auto_mapping": null,
  "base_model_name_or_path": "mistralai/Mixtral-8x7B-Instruct-v0.1",
  "bias": "none",
  "fan_in_fan_out": null,
  "inference_mode": true,
  "init_lora_weights": true,
  "layers_pattern": null,
  "layers_to_transform": null,
  "loftq_config": {},
  "lora_alpha": 16,
  "lora_dropout": 0.05,
  "megatron_config": null,
  "megatron_core": "megatron.core",
  "modules_to_save": null,
  "peft_type": "LORA",
  "r": 8,
  "rank_pattern": {},
  "revision": null,
  "target_modules": [
    "q_proj",
    "v_proj",
    "k_proj",
    "o_proj"
  ],
  "task_type": "CAUSAL_LM"
}