{
  "alpha_pattern": {},
  "auto_mapping": {
    "base_model_class": "LlavaForConditionalGeneration",
    "parent_library": "transformers.models.llava.modeling_llava"
  },
  "base_model_name_or_path": "llava-hf/llava-1.5-7b-hf",
  "bias": "none",
  "fan_in_fan_out": false,
  "inference_mode": true,
  "init_lora_weights": true,
  "layer_replication": null,
  "layers_pattern": null,
  "layers_to_transform": null,
  "loftq_config": {},
  "lora_alpha": 128,
  "lora_dropout": 0.0,
  "megatron_config": null,
  "megatron_core": "megatron.core",
  "modules_to_save": null,
  "peft_type": "LORA",
  "r": 64,
  "rank_pattern": {},
  "revision": null,
  "target_modules": [
    "out_proj",
    "gate_proj",
    "v_proj",
    "down_proj",
    "fc1",
    "lm_head",
    "k_proj",
    "q_proj",
    "linear_2",
    "linear_1",
    "o_proj",
    "up_proj",
    "fc2"
  ],
  "task_type": null,
  "use_dora": false,
  "use_rslora": false
}