{
  "alpha_pattern": {},
  "auto_mapping": null,
  "base_model_name_or_path": "tiiuae/falcon-rw-1b",
  "bias": "none",
  "fan_in_fan_out": false,
  "inference_mode": true,
  "init_lora_weights": true,
  "layers_pattern": null,
  "layers_to_transform": null,
  "lora_alpha": 64,
  "lora_dropout": 0.05,
  "modules_to_save": null,
  "peft_type": "LORA",
  "r": 64,
  "rank_pattern": {},
  "revision": null,
  "target_modules": [
    "dense",
    "lm_head",
    "query_key_value",
    "dense_4h_to_h",
    "dense_h_to_4h"
  ],
  "task_type": "CAUSAL_LM"
}