{
  "alpha_pattern": {},
  "auto_mapping": null,
  "base_model_name_or_path": "openchat/openchat-3.5-0106",
  "bias": "none",
  "fan_in_fan_out": false,
  "inference_mode": true,
  "init_lora_weights": true,
  "layers_pattern": null,
  "layers_to_transform": null,
  "loftq_config": {},
  "lora_alpha": 32,
  "lora_dropout": 0.1,
  "megatron_config": null,
  "megatron_core": "megatron.core",
  "modules_to_save": null,
  "peft_type": "LORA",
  "r": 8,
  "rank_pattern": {},
  "revision": null,
  "target_modules": [
    "mlp.up_proj",
    "self_attn.q_proj",
    "mlp.down_proj",
    "self_attn.v_proj",
    "self_attn.k_proj",
    "mlp.gate_proj",
    "self_attn.o_proj"
  ],
  "task_type": "CAUSAL_LM"
}