{
  "alpha_pattern": {},
  "auto_mapping": null,
  "base_model_name_or_path": "xlm-roberta-large",
  "bias": "none",
  "fan_in_fan_out": false,
  "inference_mode": true,
  "init_lora_weights": true,
  "layers_pattern": null,
  "layers_to_transform": null,
  "loftq_config": {},
  "lora_alpha": 32,
  "lora_dropout": 0.05,
  "megatron_config": null,
  "megatron_core": "megatron.core",
  "modules_to_save": null,
  "peft_type": "LORA",
  "r": 8,
  "rank_pattern": {},
  "revision": null,
  "target_modules": [
    "roberta.encoder.layer.23.output.self.dense",
    "roberta.encoder.layer.23.attention.self.key",
    "roberta.encoder.layer.23.attention.self.value",
    "roberta.encoder.layer.23.attention.self.query"
  ],
  "task_type": "CAUSAL_LM",
  "use_rslora": false
}