{
  "base_model_name_or_path": "openlm-research/open_llama_7b",
  "bias": "none",
  "fan_in_fan_out": false,
  "inference_mode": true,
  "init_lora_weights": true,
  "layers_pattern": null,
  "layers_to_transform": null,
  "lora_alpha": 8,
  "lora_dropout": 0.0,
  "modules_to_save": null,
  "peft_type": "LORA",
  "r": 32,
  "revision": null,
  "target_modules": [
    "self_attn.q_proj",
    "self_attn.k_proj",
    "self_attn.v_proj",
    "self_attn.o_proj",
    "mlp.gate_proj",
    "mlp.up_proj",
    "mlp.down_proj",
    "lm_head"
  ],
  "task_type": null
}