{
  "alpha_pattern": {},
  "auto_mapping": null,
  "base_model_name_or_path": "microsoft/phi-1_5",
  "bias": "none",
  "fan_in_fan_out": false,
  "inference_mode": true,
  "init_lora_weights": true,
  "layers_pattern": null,
  "layers_to_transform": null,
  "lora_alpha": 16,
  "lora_dropout": 0.05,
  "modules_to_save": null,
  "peft_type": "LORA",
  "r": 16,
  "rank_pattern": {},
  "revision": null,
  "target_modules": [
    "fc1",
    "fc2",
    "Wqkv",
    "out_proj"
  ],
  "task_type": "QUESTION_ANS"
}