{
  "alpha_pattern": {},
  "auto_mapping": null,
  "base_model_name_or_path": "mistralai/Mixtral-8x7B-v0.1",
  "bias": "none",
  "fan_in_fan_out": false,
  "inference_mode": true,
  "init_lora_weights": true,
  "layers_pattern": null,
  "layers_to_transform": null,
  "loftq_config": {},
  "lora_alpha": 64,
  "lora_dropout": 0.05,
  "megatron_config": null,
  "megatron_core": "megatron.core",
  "modules_to_save": null,
  "peft_type": "LORA",
  "r": 32,
  "rank_pattern": {},
  "revision": null,
  "target_modules": [
    "k_proj",
    "o_proj",
    "q_proj",
    "w1",
    "v_proj",
    "w2",
    "lm_head",
    "w3"
  ],
  "task_type": "CAUSAL_LM"
}