{
  "alpha_pattern": {},
  "auto_mapping": null,
  "base_model_name_or_path": "PrasunMishra/finetuning-sentiment-model-3000-samples",
  "bias": "none",
  "fan_in_fan_out": false,
  "inference_mode": true,
  "init_lora_weights": true,
  "layers_pattern": null,
  "layers_to_transform": null,
  "loftq_config": {},
  "lora_alpha": 1,
  "lora_dropout": 0.1,
  "megatron_config": null,
  "megatron_core": "megatron.core",
  "modules_to_save": null,
  "peft_type": "LORA",
  "r": 1,
  "rank_pattern": {},
  "revision": null,
  "target_modules": [
    "q_lin",
    "v_lin"
  ],
  "task_type": "SEQ_CLS",
  "use_rslora": false
}