{
  "alpha_pattern": {},
  "auto_mapping": null,
  "base_model_name_or_path": "facebook/esm2_t30_150M_UR50D",
  "bias": "none",
  "fan_in_fan_out": false,
  "inference_mode": true,
  "init_lora_weights": true,
  "layer_replication": null,
  "layers_pattern": null,
  "layers_to_transform": null,
  "loftq_config": {},
  "lora_alpha": 4,
  "lora_dropout": 0.2,
  "megatron_config": null,
  "megatron_core": "megatron.core",
  "modules_to_save": null,
  "peft_type": "LORA",
  "r": 4,
  "rank_pattern": {},
  "revision": null,
  "target_modules": [
    "value",
    "key",
    "query"
  ],
  "task_type": "TOKEN_CLS",
  "use_dora": false,
  "use_rslora": false
}