setting,setting_label,round,model,n,gpt_safe,gpt_unsafe,llamaguard_safe,llamaguard_unsafe,gpt_unsafe_rate,llamaguard_unsafe_rate,agreement,cohens_kappa,lg_safe_agreement,lg_unsafe_agreement,specific_safe_agreement,specific_unsafe_agreement,safe_safe,safe_unsafe,unsafe_safe,unsafe_unsafe,input_tokens,output_tokens,estimated_cost_usd
original_ia3,IA3,Round1,qwen,330,270,60,284,46,0.18181818181818182,0.1393939393939394,0.8727272727272727,0.5295315682281057,0.9014084507042254,0.6956521739130435,0.924187725631769,0.6037735849056604,256,28,14,32,199997,17638,0.541098
original_ia3,IA3,Round1,mistral,330,142,188,176,154,0.5696969696969697,0.4666666666666667,0.8121212121212121,0.6277021617293835,0.7272727272727273,0.9090909090909091,0.8050314465408805,0.8187134502923976,128,48,14,140,228755,20014,0.617622
original_ia3,IA3,Round1,llama,330,311,19,311,19,0.05757575757575758,0.05757575757575758,0.9636363636363636,0.6649179218141819,0.9807073954983923,0.6842105263157895,0.9807073954983923,0.6842105263157895,305,6,6,13,131274,15339,0.38526
original_ia3,IA3,Round1,gemma,330,305,25,302,28,0.07575757575757576,0.08484848484848485,0.9545454545454546,0.6923555003107524,0.9801324503311258,0.6785714285714286,0.9752883031301482,0.7169811320754716,296,6,9,19,148713,15815,0.423946
original_ia3,IA3,Round2,qwen,330,273,57,278,52,0.17272727272727273,0.15757575757575756,0.8818181818181818,0.5715997603355302,0.920863309352518,0.6730769230769231,0.9292196007259528,0.6422018348623854,256,22,17,35,198833,17590,0.538386
original_ia3,IA3,Round2,mistral,330,156,174,198,132,0.5272727272727272,0.4,0.7757575757575758,0.5563549160671463,0.7070707070707071,0.8787878787878788,0.7909604519774012,0.7581699346405228,140,58,16,116,226333,19767,0.610802
original_ia3,IA3,Round2,llama,330,311,19,311,19,0.05757575757575758,0.05757575757575758,0.9696969696969697,0.7207649348451519,0.9839228295819936,0.7368421052631579,0.9839228295819936,0.7368421052631579,306,5,5,14,131451,15432,0.386358
original_ia3,IA3,Round2,gemma,330,308,22,301,29,0.06666666666666667,0.08787878787878788,0.9545454545454546,0.6817538896746819,0.9867109634551495,0.6206896551724138,0.9753694581280788,0.7058823529411765,297,4,11,18,147790,15821,0.422148
original_ia3,IA3,Round3,qwen,330,275,55,281,49,0.16666666666666666,0.1484848484848485,0.8848484848484849,0.5665399239543727,0.9217081850533808,0.673469387755102,0.9316546762589928,0.6346153846153846,259,22,16,33,199466,17574,0.539524
original_ia3,IA3,Round3,mistral,330,155,175,199,131,0.5303030303030303,0.396969696969697,0.8,0.604933792853256,0.7236180904522613,0.916030534351145,0.8135593220338984,0.7843137254901961,144,55,11,120,226046,19572,0.608668
original_ia3,IA3,Round3,llama,330,313,17,311,19,0.051515151515151514,0.05757575757575758,0.9696969696969697,0.7062488873063916,0.9871382636655949,0.6842105263157895,0.9839743589743589,0.7222222222222222,307,4,6,13,131511,15372,0.385998
original_ia3,IA3,Round3,gemma,330,307,23,303,27,0.0696969696969697,0.08181818181818182,0.9636363636363636,0.7404640188753441,0.9867986798679867,0.7037037037037037,0.980327868852459,0.76,299,4,8,19,149382,15923,0.426148
original_lora,LoRA,Round1,qwen,330,277,53,283,47,0.1606060606060606,0.14242424242424243,0.9030303030303031,0.6230994360768082,0.9328621908127208,0.723404255319149,0.9428571428571428,0.68,264,19,13,34,191479,17477,0.522774
original_lora,LoRA,Round1,mistral,330,212,118,236,94,0.3575757575757576,0.28484848484848485,0.8424242424242424,0.6408238446081714,0.8389830508474576,0.851063829787234,0.8839285714285714,0.7547169811320755,198,38,14,80,209474,18753,0.568972
original_lora,LoRA,Round1,llama,330,317,13,316,14,0.03939393939393939,0.04242424242424243,0.9666666666666667,0.5752398783056403,0.9841772151898734,0.5714285714285714,0.9826224328593997,0.5925925925925926,311,5,6,8,127870,15095,0.3765
original_lora,LoRA,Round1,gemma,330,306,24,302,28,0.07272727272727272,0.08484848484848485,0.9636363636363636,0.7496206373292869,0.9867549668874173,0.7142857142857143,0.9802631578947368,0.7692307692307693,298,4,8,20,149310,15891,0.425748
original_lora,LoRA,Round2,qwen,330,271,59,277,53,0.1787878787878788,0.1606060606060606,0.896969696969697,0.6345991011528692,0.927797833935018,0.7358490566037735,0.9379562043795621,0.6964285714285714,257,20,14,39,192742,17453,0.525108
original_lora,LoRA,Round2,mistral,330,225,105,251,79,0.3181818181818182,0.23939393939393938,0.8484848484848485,0.6261046906866078,0.848605577689243,0.8481012658227848,0.8949579831932774,0.7282608695652174,213,38,12,67,200736,18433,0.548936
original_lora,LoRA,Round2,llama,330,317,13,316,14,0.03939393939393939,0.04242424242424243,0.9727272727272728,0.6524689913409789,0.9873417721518988,0.6428571428571429,0.985781990521327,0.6666666666666666,312,4,5,9,127758,15123,0.3765
original_lora,LoRA,Round2,gemma,330,311,19,303,27,0.05757575757575758,0.08181818181818182,0.9575757575757575,0.6735905044510381,0.9900990099009901,0.5925925925925926,0.9771986970684039,0.6956521739130435,300,3,11,16,148591,15854,0.424014
original_lora,LoRA,Round3,qwen,330,273,57,283,47,0.17272727272727273,0.14242424242424243,0.8909090909090909,0.5898073337476692,0.9187279151943463,0.723404255319149,0.935251798561151,0.6538461538461539,260,23,13,34,191646,17554,0.523724
original_lora,LoRA,Round3,mistral,330,203,127,230,100,0.38484848484848483,0.30303030303030304,0.8333333333333334,0.6334073924459706,0.8217391304347826,0.86,0.8729792147806005,0.7577092511013216,189,41,14,86,210342,18815,0.571204
original_lora,LoRA,Round3,llama,330,316,14,314,16,0.04242424242424243,0.048484848484848485,0.9696969696969697,0.6508675412611096,0.9872611464968153,0.625,0.9841269841269841,0.6666666666666666,310,4,6,10,127846,15290,0.378012
original_lora,LoRA,Round3,gemma,330,308,22,302,28,0.06666666666666667,0.08484848484848485,0.9696969696969697,0.7838616714697407,0.9933774834437086,0.7142857142857143,0.9836065573770492,0.8,300,2,8,20,149014,15990,0.425948
lora_r8,LoRA (r=8),Round1,qwen,330,294,36,297,33,0.10909090909090909,0.1,0.9303030303030303,0.6278317152103562,0.9562289562289562,0.696969696969697,0.961082910321489,0.6666666666666666,284,13,10,23,167860,16689,0.469232
lora_r8,LoRA (r=8),Round1,mistral,330,242,88,258,72,0.26666666666666666,0.21818181818181817,0.8848484848484849,0.6875,0.8953488372093024,0.8472222222222222,0.924,0.7625,231,27,11,61,212447,18241,0.570822
lora_r8,LoRA (r=8),Round1,llama,330,319,11,322,8,0.03333333333333333,0.024242424242424242,0.9848484848484849,0.7292418772563181,0.9875776397515528,0.875,0.9921996879875195,0.7368421052631579,318,4,1,7,131161,15341,0.38505
lora_r8,LoRA (r=8),Round1,gemma,330,288,42,287,43,0.12727272727272726,0.1303030303030303,0.9121212121212121,0.608396759145593,0.9512195121951219,0.6511627906976745,0.9495652173913044,0.6588235294117647,273,14,15,28,215665,17171,0.568698
lora_r8,LoRA (r=8),Round2,qwen,330,294,36,297,33,0.10909090909090909,0.1,0.9303030303030303,0.6278317152103562,0.9562289562289562,0.696969696969697,0.961082910321489,0.6666666666666666,284,13,10,23,168535,16654,0.470302
lora_r8,LoRA (r=8),Round2,mistral,330,227,103,250,80,0.31212121212121213,0.24242424242424243,0.8757575757575757,0.6918697335458893,0.872,0.8875,0.9140461215932913,0.7759562841530054,218,32,9,71,209666,18465,0.567052
lora_r8,LoRA (r=8),Round2,llama,330,324,6,322,8,0.01818181818181818,0.024242424242424242,0.9818181818181818,0.5623342175066306,0.9937888198757764,0.5,0.9907120743034056,0.5714285714285714,320,2,4,4,128838,15314,0.380188
lora_r8,LoRA (r=8),Round2,gemma,330,288,42,285,45,0.12727272727272726,0.13636363636363635,0.9363636363636364,0.7220216606498197,0.968421052631579,0.7333333333333333,0.9633507853403142,0.7586206896551724,276,9,12,33,251173,17130,0.639386
lora_r8,LoRA (r=8),Round3,qwen,330,296,34,301,29,0.10303030303030303,0.08787878787878788,0.9303030303030303,0.596662769688596,0.9534883720930233,0.6896551724137931,0.9614740368509213,0.6349206349206349,287,14,9,20,163369,16512,0.458834
lora_r8,LoRA (r=8),Round3,mistral,330,236,93,247,82,0.2818181818181818,0.24848484848484848,0.8909090909090909,0.7279257141506981,0.9068825910931174,0.8536585365853658,0.927536231884058,0.8,224,23,12,70,215655,18301,0.577718
lora_r8,LoRA (r=8),Round3,llama,330,320,10,321,9,0.030303030303030304,0.02727272727272727,0.9848484848484849,0.7290640394088671,0.9906542056074766,0.7777777777777778,0.9921996879875195,0.7368421052631579,318,3,2,7,130459,15393,0.384062
lora_r8,LoRA (r=8),Round3,gemma,330,271,59,272,58,0.1787878787878788,0.17575757575757575,0.9242424242424242,0.7402883586224264,0.9522058823529411,0.7931034482758621,0.9539594843462247,0.7863247863247863,259,13,12,46,279222,17509,0.698516
original_prompt,Prompt Tuning,Round1,qwen,330,270,60,280,50,0.18181818181818182,0.15151515151515152,0.896969696969697,0.6297029702970297,0.9214285714285714,0.76,0.9381818181818182,0.6909090909090909,258,22,12,38,198226,17507,0.536508
original_prompt,Prompt Tuning,Round1,mistral,330,128,202,150,180,0.6121212121212121,0.5454545454545454,0.8424242424242424,0.6782902137232846,0.7533333333333333,0.9166666666666666,0.8129496402877698,0.8638743455497382,113,37,15,165,207996,19822,0.574568
original_prompt,Prompt Tuning,Round1,llama,330,304,26,246,84,0.07878787878787878,0.2545454545454545,0.7757575757575758,0.23524990605035662,0.967479674796748,0.21428571428571427,0.8654545454545455,0.32727272727272727,238,8,66,18,188162,16182,0.50578
original_prompt,Prompt Tuning,Round1,gemma,330,282,48,275,55,0.14545454545454545,0.16666666666666666,0.9303030303030303,0.7356321839080459,0.9709090909090909,0.7272727272727273,0.9587073608617595,0.7766990291262136,267,8,15,40,159341,16357,0.449538
original_prompt,Prompt Tuning,Round2,qwen,330,273,57,281,49,0.17272727272727273,0.1484848484848485,0.8666666666666667,0.5060216370687898,0.9074733096085409,0.6326530612244898,0.9205776173285198,0.5849056603773585,255,26,18,31,196701,17498,0.533386
original_prompt,Prompt Tuning,Round2,mistral,330,114,216,137,193,0.6545454545454545,0.5848484848484848,0.8515151515151516,0.6865914641237354,0.7372262773722628,0.9326424870466321,0.8047808764940239,0.8801955990220048,101,36,13,180,217001,20101,0.59481
original_prompt,Prompt Tuning,Round2,llama,330,261,69,232,98,0.20909090909090908,0.296969696969697,0.7666666666666667,0.3889770595873612,0.896551724137931,0.45918367346938777,0.8438133874239351,0.5389221556886228,208,24,53,45,192052,16975,0.519904
original_prompt,Prompt Tuning,Round2,gemma,330,294,36,294,36,0.10909090909090909,0.10909090909090909,0.9272727272727272,0.6258503401360545,0.9591836734693877,0.6666666666666666,0.9591836734693877,0.6666666666666666,282,12,12,24,150403,16069,0.429358
original_prompt,Prompt Tuning,Round3,qwen,330,276,54,276,54,0.16363636363636364,0.16363636363636364,0.8787878787878788,0.5571658615136877,0.927536231884058,0.6296296296296297,0.927536231884058,0.6296296296296297,256,20,20,34,197755,17470,0.53527
original_prompt,Prompt Tuning,Round3,mistral,330,129,201,159,171,0.6090909090909091,0.5181818181818182,0.8181818181818182,0.6334555148283906,0.7169811320754716,0.9122807017543859,0.7916666666666666,0.8387096774193549,114,45,15,156,210517,19695,0.578594
original_prompt,Prompt Tuning,Round3,llama,330,247,82,243,86,0.24848484848484848,0.2606060606060606,0.8757575757575757,0.6803342401865525,0.9259259259259259,0.7441860465116279,0.9183673469387755,0.7619047619047619,225,18,22,64,148193,16757,0.430442
original_prompt,Prompt Tuning,Round3,gemma,330,252,78,245,85,0.23636363636363636,0.25757575757575757,0.8878787878787879,0.6987416728349373,0.9387755102040817,0.7411764705882353,0.9255533199195171,0.7730061349693251,230,15,22,63,172910,17074,0.482412
original_ptuning,P-Tuning,Round1,qwen,330,258,72,262,68,0.21818181818181817,0.20606060606060606,0.9151515151515152,0.7462096242584048,0.9389312977099237,0.8235294117647058,0.9461538461538461,0.8,246,16,12,56,169007,17162,0.47531
original_ptuning,P-Tuning,Round1,mistral,330,132,198,42,288,0.6,0.8727272727272727,0.593939393939394,0.04558404558404587,0.47619047619047616,0.6111111111111112,0.22988505747126436,0.7242798353909465,20,22,112,176,156622,19017,0.46538
original_ptuning,P-Tuning,Round1,llama,330,307,23,310,20,0.0696969696969697,0.06060606060606061,0.9666666666666667,0.7264506405425775,0.9774193548387097,0.8,0.9821717990275527,0.7441860465116279,303,7,4,16,132441,15314,0.387394
original_ptuning,P-Tuning,Round1,gemma,330,252,78,247,83,0.23636363636363636,0.2515151515151515,0.9242424242424242,0.7946841869493803,0.9595141700404858,0.8192771084337349,0.9498997995991983,0.84472049689441,237,10,15,68,174911,16986,0.48571
original_ptuning,P-Tuning,Round2,qwen,330,167,163,166,164,0.49393939393939396,0.49696969696969695,0.8878787878787879,0.7757411012746576,0.891566265060241,0.8841463414634146,0.8888888888888888,0.8868501529051988,148,18,19,145,199639,18580,0.547918
original_ptuning,P-Tuning,Round2,mistral,330,99,231,111,219,0.7,0.6636363636363637,0.9030303030303031,0.7768479776847979,0.8018018018018018,0.954337899543379,0.8476190476190476,0.9288888888888889,89,22,10,209,210810,19969,0.581372
original_ptuning,P-Tuning,Round2,llama,330,297,33,296,34,0.1,0.10303030303030303,0.9484848484848485,0.7176079734219271,0.972972972972973,0.7352941176470589,0.9713322091062394,0.746268656716418,288,8,9,25,137921,15640,0.400962
original_ptuning,P-Tuning,Round2,gemma,330,255,75,248,82,0.22727272727272727,0.24848484848484848,0.8939393939393939,0.7076689445709947,0.9435483870967742,0.7439024390243902,0.9304174950298211,0.7770700636942676,234,14,21,61,171454,16964,0.47862
original_ptuning,P-Tuning,Round3,qwen,330,237,93,237,93,0.2818181818181818,0.2818181818181818,0.896969696969697,0.7454743432693617,0.9282700421940928,0.8172043010752689,0.9282700421940928,0.8172043010752689,220,17,17,76,176593,17477,0.493002
original_ptuning,P-Tuning,Round3,mistral,330,136,194,165,165,0.5878787878787879,0.5,0.8393939393939394,0.6787878787878787,0.7515151515151515,0.9272727272727272,0.8239202657807309,0.8523676880222841,124,41,12,153,204889,19416,0.565106
original_ptuning,P-Tuning,Round3,llama,330,299,31,300,30,0.09393939393939393,0.09090909090909091,0.9606060606060606,0.7651888341543515,0.9766666666666667,0.8,0.9782971619365609,0.7868852459016393,293,7,6,24,138029,15546,0.400426
original_ptuning,P-Tuning,Round3,gemma,330,234,96,224,106,0.2909090909090909,0.3212121212121212,0.9030303030303031,0.7719616480953616,0.9508928571428571,0.8018867924528302,0.9301310043668122,0.8415841584158416,213,11,21,85,183207,17535,0.506694
