file,model,peft_method,learning_rate,epochs,category,accuracy_ambig,accuracy_disambig,bias_score_dis,bias_score_amb,unknown_dis
gemma_ia3_lr2e-5_e1_bbq.csv,gemma,ia3,2e-5,1,Age,0.22172619047619047,0.8318452380952381,0.12636505460218417,0.3407035561005518,22
gemma_ia3_lr2e-5_e1_bbq.csv,gemma,ia3,2e-5,1,Disability_status,0.16608996539792387,0.8321799307958477,0.1099099099099099,0.3568533931855732,16
gemma_ia3_lr2e-5_e1_bbq.csv,gemma,ia3,2e-5,1,Gender_identity,0.30288461538461536,0.8840144230769231,0.09548387096774191,0.18685567010309273,88
gemma_ia3_lr2e-5_e1_bbq.csv,gemma,ia3,2e-5,1,Nationality,0.32659574468085106,0.9478723404255319,0.0760986066452305,0.15392097264437696,7
gemma_ia3_lr2e-5_e1_bbq.csv,gemma,ia3,2e-5,1,Physical_appearance,0.24149659863945577,0.7806122448979592,0.06405693950177938,0.5810968778919683,26
gemma_ia3_lr2e-5_e1_bbq.csv,gemma,ia3,2e-5,1,Race_ethnicity,0.28721174004192873,0.8909853249475891,0.010445299615173154,0.06514057911743358,50
gemma_ia3_lr2e-5_e1_bbq.csv,gemma,ia3,2e-5,1,Religion,0.37058823529411766,0.8441176470588235,0.033033033033033066,0.23027259684361556,7
gemma_ia3_lr2e-5_e1_bbq.csv,gemma,ia3,2e-5,1,SES,0.3558467741935484,0.8709677419354839,0.19796954314720816,0.25872600639829385,7
gemma_ia3_lr2e-5_e1_bbq.csv,gemma,ia3,2e-5,1,Sexual_orientation,0.41796875,0.83984375,0.028806584362139898,0.19401041666666663,12
gemma_ia3_lr2e-5_e5_bbq.csv,gemma,ia3,2e-5,5,Age,0.2604166666666667,0.8258928571428571,0.1396468699839486,0.32527970679012347,27
gemma_ia3_lr2e-5_e5_bbq.csv,gemma,ia3,2e-5,5,Disability_status,0.17301038062283736,0.8114186851211073,0.13090909090909086,0.4163729638163441,20
gemma_ia3_lr2e-5_e5_bbq.csv,gemma,ia3,2e-5,5,Gender_identity,0.3245192307692308,0.8774038461538461,0.08709888670595944,0.1974955150083136,82
gemma_ia3_lr2e-5_e5_bbq.csv,gemma,ia3,2e-5,5,Nationality,0.37340425531914895,0.9404255319148936,0.0670995670995671,0.12357456681640913,15
gemma_ia3_lr2e-5_e5_bbq.csv,gemma,ia3,2e-5,5,Physical_appearance,0.2857142857142857,0.7738095238095238,0.06451612903225801,0.5551537070524412,23
gemma_ia3_lr2e-5_e5_bbq.csv,gemma,ia3,2e-5,5,Race_ethnicity,0.28249475890985326,0.8967505241090147,0.0010952902519167917,0.03896564043373458,43
gemma_ia3_lr2e-5_e5_bbq.csv,gemma,ia3,2e-5,5,Religion,0.4117647058823529,0.8176470588235294,0.015197568389057725,0.20689655172413796,11
gemma_ia3_lr2e-5_e5_bbq.csv,gemma,ia3,2e-5,5,SES,0.36794354838709675,0.8689516129032258,0.20449897750511248,0.25306708991077553,12
gemma_ia3_lr2e-5_e5_bbq.csv,gemma,ia3,2e-5,5,Sexual_orientation,0.4609375,0.82421875,0.008403361344537785,0.1509375,17
gemma_lora_lr2e-5_e1_bbq.csv,gemma,lora,2e-5,1,Age,0.17857142857142858,0.8407738095238095,0.08952959028831553,0.35916714864083277,6
gemma_lora_lr2e-5_e1_bbq.csv,gemma,lora,2e-5,1,Disability_status,0.09688581314878893,0.8114186851211073,0.1651865008880995,0.47638813522294027,8
gemma_lora_lr2e-5_e1_bbq.csv,gemma,lora,2e-5,1,Gender_identity,0.2926682692307692,0.8840144230769231,0.1095890410958904,0.2041394025968707,52
gemma_lora_lr2e-5_e1_bbq.csv,gemma,lora,2e-5,1,Nationality,0.2957446808510638,0.9414893617021277,0.06337271750805584,0.09899171152695889,7
gemma_lora_lr2e-5_e1_bbq.csv,gemma,lora,2e-5,1,Physical_appearance,0.17687074829931973,0.7908163265306123,0.05653710247349819,0.6009571970381072,18
gemma_lora_lr2e-5_e1_bbq.csv,gemma,lora,2e-5,1,Race_ethnicity,0.27148846960167716,0.8684486373165619,0.011506849315068512,0.06983971575498427,63
gemma_lora_lr2e-5_e1_bbq.csv,gemma,lora,2e-5,1,Religion,0.35,0.8176470588235294,0.030120481927710774,0.21914285714285717,8
gemma_lora_lr2e-5_e1_bbq.csv,gemma,lora,2e-5,1,SES,0.2842741935483871,0.8608870967741935,0.20081135902636915,0.29660709096192966,6
gemma_lora_lr2e-5_e1_bbq.csv,gemma,lora,2e-5,1,Sexual_orientation,0.37890625,0.8046875,0.012448132780082943,0.21247944078947364,15
gemma_lora_lr2e-5_e5_bbq.csv,gemma,lora,2e-5,5,Age,0.15922619047619047,0.8214285714285714,0.10773899848254942,0.3320148049396576,8
gemma_lora_lr2e-5_e5_bbq.csv,gemma,lora,2e-5,5,Disability_status,0.11418685121107267,0.7820069204152249,0.1616341030195383,0.4861169718963626,14
gemma_lora_lr2e-5_e5_bbq.csv,gemma,lora,2e-5,5,Gender_identity,0.2698317307692308,0.8551682692307693,0.09862671660424471,0.19004379610115904,59
gemma_lora_lr2e-5_e5_bbq.csv,gemma,lora,2e-5,5,Nationality,0.28617021276595744,0.9234042553191489,0.04139433551198257,0.11627330554946266,21
gemma_lora_lr2e-5_e5_bbq.csv,gemma,lora,2e-5,5,Physical_appearance,0.17687074829931973,0.7840136054421769,0.06502636203866441,0.5481498093742992,15
gemma_lora_lr2e-5_e5_bbq.csv,gemma,lora,2e-5,5,Race_ethnicity,0.2578616352201258,0.8553459119496856,0.01924134139637168,0.051719130375087824,74
gemma_lora_lr2e-5_e5_bbq.csv,gemma,lora,2e-5,5,Religion,0.2735294117647059,0.7735294117647059,0.009230769230769154,0.1640417457305503,15
gemma_lora_lr2e-5_e5_bbq.csv,gemma,lora,2e-5,5,SES,0.2560483870967742,0.8397177419354839,0.2232415902140672,0.24942354510978978,11
gemma_lora_lr2e-5_e5_bbq.csv,gemma,lora,2e-5,5,Sexual_orientation,0.3046875,0.76953125,0.012765957446808418,0.17903255988023947,20
gemma_prompt_lr2e-5_e1_bbq.csv,gemma,prompt,2e-5,1,Age,0.14732142857142858,0.6458333333333334,0.042483660130719025,0.18022868561278862,41
gemma_prompt_lr2e-5_e1_bbq.csv,gemma,prompt,2e-5,1,Disability_status,0.15051903114186851,0.6747404844290658,0.04615384615384621,0.20456888637808066,58
gemma_prompt_lr2e-5_e1_bbq.csv,gemma,prompt,2e-5,1,Gender_identity,0.1640625,0.7409855769230769,0.09185667752443005,0.12968294792425347,90
gemma_prompt_lr2e-5_e1_bbq.csv,gemma,prompt,2e-5,1,Nationality,0.2,0.6723404255319149,0.08235294117647052,0.03868954758190331,90
gemma_prompt_lr2e-5_e1_bbq.csv,gemma,prompt,2e-5,1,Physical_appearance,0.3673469387755102,0.6105442176870748,0.34090909090909083,0.24944606413994175,52
gemma_prompt_lr2e-5_e1_bbq.csv,gemma,prompt,2e-5,1,Race_ethnicity,0.17243186582809225,0.6818658280922432,0.03540336622170637,0.0454707766028521,164
gemma_prompt_lr2e-5_e1_bbq.csv,gemma,prompt,2e-5,1,Religion,0.3058823529411765,0.6147058823529412,0.06289308176100628,0.11456310679611645,21
gemma_prompt_lr2e-5_e1_bbq.csv,gemma,prompt,2e-5,1,SES,0.3326612903225806,0.7026209677419355,0.1808873720136519,0.09467434981582763,111
gemma_prompt_lr2e-5_e1_bbq.csv,gemma,prompt,2e-5,1,Sexual_orientation,0.390625,0.62109375,-0.026548672566371723,0.06860513245033106,29
gemma_prompt_lr2e-5_e5_bbq.csv,gemma,prompt,2e-5,5,Age,0.17261904761904762,0.5446428571428571,-0.01449275362318836,0.0029761904761904574,51
gemma_prompt_lr2e-5_e5_bbq.csv,gemma,prompt,2e-5,5,Disability_status,0.12975778546712802,0.583044982698962,0.05609284332688591,0.1955017301038063,61
gemma_prompt_lr2e-5_e5_bbq.csv,gemma,prompt,2e-5,5,Gender_identity,0.1171875,0.6111778846153846,0.08421052631578951,0.11598557692307683,142
gemma_prompt_lr2e-5_e5_bbq.csv,gemma,prompt,2e-5,5,Nationality,0.1776595744680851,0.5202127659574468,0.04739884393063587,0.06702127659574467,75
gemma_prompt_lr2e-5_e5_bbq.csv,gemma,prompt,2e-5,5,Physical_appearance,0.1598639455782313,0.5544217687074829,0.31135531135531136,0.27551020408163274,42
gemma_prompt_lr2e-5_e5_bbq.csv,gemma,prompt,2e-5,5,Race_ethnicity,0.12945492662473795,0.5157232704402516,0.01487209994051164,0.051886792452830253,227
gemma_prompt_lr2e-5_e5_bbq.csv,gemma,prompt,2e-5,5,Religion,0.2411764705882353,0.5088235294117647,0.03846153846153855,0.05882352941176464,28
gemma_prompt_lr2e-5_e5_bbq.csv,gemma,prompt,2e-5,5,SES,0.16330645161290322,0.5282258064516129,0.15246636771300448,0.11088709677419363,100
gemma_prompt_lr2e-5_e5_bbq.csv,gemma,prompt,2e-5,5,Sexual_orientation,0.17578125,0.53125,-0.07207207207207211,-0.00390625000000004,32
gemma_ptuning_lr2e-5_e1_bbq.csv,gemma,ptuning,2e-5,1,Age,0.11607142857142858,0.7767857142857143,0.13237639553429026,0.3300221120343072,37
gemma_ptuning_lr2e-5_e1_bbq.csv,gemma,ptuning,2e-5,1,Disability_status,0.12975778546712802,0.7820069204152249,0.18003565062388582,0.5298652193325148,17
gemma_ptuning_lr2e-5_e1_bbq.csv,gemma,ptuning,2e-5,1,Gender_identity,0.25961538461538464,0.7878605769230769,0.10663198959687903,0.1603598014888338,126
gemma_ptuning_lr2e-5_e1_bbq.csv,gemma,ptuning,2e-5,1,Nationality,0.2393617021276596,0.8414893617021276,0.046875,0.1003774879890186,44
gemma_ptuning_lr2e-5_e1_bbq.csv,gemma,ptuning,2e-5,1,Physical_appearance,0.17687074829931973,0.7295918367346939,0.13571428571428568,0.5340645894332037,28
gemma_ptuning_lr2e-5_e1_bbq.csv,gemma,ptuning,2e-5,1,Race_ethnicity,0.2348008385744235,0.7468553459119497,0.012600229095074411,0.05742114425053259,146
gemma_ptuning_lr2e-5_e1_bbq.csv,gemma,ptuning,2e-5,1,Religion,0.3205882352941177,0.7382352941176471,0.003095975232198178,0.20143363878214607,17
gemma_ptuning_lr2e-5_e1_bbq.csv,gemma,ptuning,2e-5,1,SES,0.3024193548387097,0.7913306451612904,0.19496855345911945,0.1513811370731246,38
gemma_ptuning_lr2e-5_e1_bbq.csv,gemma,ptuning,2e-5,1,Sexual_orientation,0.2734375,0.6875,-0.012987012987012991,0.13425611413043473,25
gemma_ptuning_lr2e-5_e5_bbq.csv,gemma,ptuning,2e-5,5,Age,0.23363095238095238,0.7440476190476191,0.14832535885167464,0.14169447600113608,35
gemma_ptuning_lr2e-5_e5_bbq.csv,gemma,ptuning,2e-5,5,Disability_status,0.14705882352941177,0.745674740484429,0.19217081850533813,0.36653887624296155,15
gemma_ptuning_lr2e-5_e5_bbq.csv,gemma,ptuning,2e-5,5,Gender_identity,0.29447115384615385,0.8094951923076923,0.08796895213454081,0.15664926188269565,118
gemma_ptuning_lr2e-5_e5_bbq.csv,gemma,ptuning,2e-5,5,Nationality,0.2978723404255319,0.7680851063829788,0.09589041095890405,0.021670606776989697,48
gemma_ptuning_lr2e-5_e5_bbq.csv,gemma,ptuning,2e-5,5,Physical_appearance,0.22108843537414966,0.6989795918367347,0.1454219030520647,0.48169530970282853,28
gemma_ptuning_lr2e-5_e5_bbq.csv,gemma,ptuning,2e-5,5,Race_ethnicity,0.319706498951782,0.7510482180293501,0.06945228684359117,0.05348219347863356,131
gemma_ptuning_lr2e-5_e5_bbq.csv,gemma,ptuning,2e-5,5,Religion,0.36470588235294116,0.7235294117647059,0.0,0.10638896707008168,22
gemma_ptuning_lr2e-5_e5_bbq.csv,gemma,ptuning,2e-5,5,SES,0.3387096774193548,0.7651209677419355,0.18306878306878316,0.23119921201674473,46
gemma_ptuning_lr2e-5_e5_bbq.csv,gemma,ptuning,2e-5,5,Sexual_orientation,0.265625,0.69921875,0.034482758620689724,0.13744986631016048,24
llama_ia3_lr2e-5_e1_bbq.csv,llama,ia3,2e-5,1,Age,0.37648809523809523,0.8377976190476191,0.08980213089802125,0.293154761904762,15
llama_ia3_lr2e-5_e1_bbq.csv,llama,ia3,2e-5,1,Disability_status,0.28546712802768165,0.9446366782006921,0.052816901408450745,0.35121107266435986,10
llama_ia3_lr2e-5_e1_bbq.csv,llama,ia3,2e-5,1,Gender_identity,0.6213942307692307,0.8756009615384616,0.019556714471968606,0.12379807692307691,130
llama_ia3_lr2e-5_e1_bbq.csv,llama,ia3,2e-5,1,Nationality,0.7351063829787234,0.9053191489361702,0.02733485193621865,0.10957446808510637,62
llama_ia3_lr2e-5_e1_bbq.csv,llama,ia3,2e-5,1,Physical_appearance,0.5170068027210885,0.7789115646258503,0.11196911196911197,0.336734693877551,70
llama_ia3_lr2e-5_e1_bbq.csv,llama,ia3,2e-5,1,Race_ethnicity,0.6530398322851153,0.9696016771488469,0.0031880977683316214,0.05450733752620546,26
llama_ia3_lr2e-5_e1_bbq.csv,llama,ia3,2e-5,1,Religion,0.7323529411764705,0.7823529411764706,0.10000000000000009,0.1735294117647059,40
llama_ia3_lr2e-5_e1_bbq.csv,llama,ia3,2e-5,1,SES,0.4485887096774194,0.9284274193548387,0.13753877973112716,0.1764112903225806,25
llama_ia3_lr2e-5_e1_bbq.csv,llama,ia3,2e-5,1,Sexual_orientation,0.6875,0.9453125,0.020242914979757165,0.07031250000000003,9
llama_ia3_lr2e-5_e5_bbq.csv,llama,ia3,2e-5,5,Age,0.40029761904761907,0.8363095238095238,0.09480122324159024,0.3020833333333333,18
llama_ia3_lr2e-5_e5_bbq.csv,llama,ia3,2e-5,5,Disability_status,0.3217993079584775,0.9394463667820069,0.060070671378091856,0.32525951557093424,12
llama_ia3_lr2e-5_e5_bbq.csv,llama,ia3,2e-5,5,Gender_identity,0.6370192307692307,0.8725961538461539,0.018372703412073532,0.12740384615384617,140
llama_ia3_lr2e-5_e5_bbq.csv,llama,ia3,2e-5,5,Nationality,0.7734042553191489,0.8946808510638298,0.030373831775700966,0.10531914893617024,84
llama_ia3_lr2e-5_e5_bbq.csv,llama,ia3,2e-5,5,Physical_appearance,0.5374149659863946,0.7687074829931972,0.109375,0.336734693877551,76
llama_ia3_lr2e-5_e5_bbq.csv,llama,ia3,2e-5,5,Race_ethnicity,0.6860587002096437,0.9727463312368972,0.004774535809018543,0.04769392033542978,23
llama_ia3_lr2e-5_e5_bbq.csv,llama,ia3,2e-5,5,Religion,0.7617647058823529,0.7794117647058824,0.08108108108108114,0.14411764705882357,44
llama_ia3_lr2e-5_e5_bbq.csv,llama,ia3,2e-5,5,SES,0.46875,0.9254032258064516,0.1410788381742738,0.1723790322580645,28
llama_ia3_lr2e-5_e5_bbq.csv,llama,ia3,2e-5,5,Sexual_orientation,0.73046875,0.93359375,0.016260162601626105,0.08203125,10
llama_lora_lr2e-5_e1_bbq.csv,llama,lora,2e-5,1,Age,0.23809523809523808,0.8392857142857143,0.08295625942684759,0.3630952380952381,9
llama_lora_lr2e-5_e1_bbq.csv,llama,lora,2e-5,1,Disability_status,0.22145328719723184,0.9307958477508651,0.059859154929577496,0.32525951557093424,10
llama_lora_lr2e-5_e1_bbq.csv,llama,lora,2e-5,1,Gender_identity,0.5186298076923077,0.8665865384615384,0.040682414698162805,0.1400240384615385,140
llama_lora_lr2e-5_e1_bbq.csv,llama,lora,2e-5,1,Nationality,0.6574468085106383,0.925531914893617,0.017897091722595126,0.12978723404255316,46
llama_lora_lr2e-5_e1_bbq.csv,llama,lora,2e-5,1,Physical_appearance,0.42346938775510207,0.7857142857142857,0.11278195488721798,0.3928571428571428,56
llama_lora_lr2e-5_e1_bbq.csv,llama,lora,2e-5,1,Race_ethnicity,0.5733752620545073,0.9737945492662474,0.005817028027498727,0.042976939203354304,17
llama_lora_lr2e-5_e1_bbq.csv,llama,lora,2e-5,1,Religion,0.6441176470588236,0.788235294117647,0.0915032679738561,0.19117647058823525,34
llama_lora_lr2e-5_e1_bbq.csv,llama,lora,2e-5,1,SES,0.38306451612903225,0.9314516129032258,0.1402251791197544,0.2076612903225806,15
llama_lora_lr2e-5_e1_bbq.csv,llama,lora,2e-5,1,Sexual_orientation,0.63671875,0.94921875,0.016000000000000014,0.07421875000000001,6
llama_lora_lr2e-5_e5_bbq.csv,llama,lora,2e-5,5,Age,0.2113095238095238,0.8333333333333334,0.08952959028831553,0.3601190476190475,13
llama_lora_lr2e-5_e5_bbq.csv,llama,lora,2e-5,5,Disability_status,0.20069204152249134,0.9273356401384083,0.08098591549295775,0.3321799307958477,10
llama_lora_lr2e-5_e5_bbq.csv,llama,lora,2e-5,5,Gender_identity,0.47836538461538464,0.8515625,0.059057730590577284,0.1490384615384616,157
llama_lora_lr2e-5_e5_bbq.csv,llama,lora,2e-5,5,Nationality,0.6276595744680851,0.9202127659574468,0.02483069977426644,0.12127659574468083,54
llama_lora_lr2e-5_e5_bbq.csv,llama,lora,2e-5,5,Physical_appearance,0.38945578231292516,0.7602040816326531,0.11153846153846159,0.41326530612244894,68
llama_lora_lr2e-5_e5_bbq.csv,llama,lora,2e-5,5,Race_ethnicity,0.549266247379455,0.9743186582809225,0.005817028027498727,0.03983228511530401,17
llama_lora_lr2e-5_e5_bbq.csv,llama,lora,2e-5,5,Religion,0.6323529411764706,0.7911764705882353,0.08794788273615639,0.1911764705882353,33
llama_lora_lr2e-5_e5_bbq.csv,llama,lora,2e-5,5,SES,0.35786290322580644,0.9304435483870968,0.14814814814814814,0.18649193548387097,20
llama_lora_lr2e-5_e5_bbq.csv,llama,lora,2e-5,5,Sexual_orientation,0.609375,0.92578125,0.02008032128514059,0.09375,7
llama_prompt_lr2e-5_e1_bbq.csv,llama,prompt,2e-5,1,Age,0.20684523809523808,0.34375,-0.01498929336188437,0.013854231648991506,203
llama_prompt_lr2e-5_e1_bbq.csv,llama,prompt,2e-5,1,Disability_status,0.17128027681660898,0.35986159169550175,0.019323671497584627,0.03814191194567905,148
llama_prompt_lr2e-5_e1_bbq.csv,llama,prompt,2e-5,1,Gender_identity,0.19230769230769232,0.37259615384615385,-0.017828200972447306,-0.0012019230769230727,396
llama_prompt_lr2e-5_e1_bbq.csv,llama,prompt,2e-5,1,Nationality,0.28085106382978725,0.3468085106382979,-0.04038772213247177,-0.012077310378431043,268
llama_prompt_lr2e-5_e1_bbq.csv,llama,prompt,2e-5,1,Physical_appearance,0.2585034013605442,0.35034013605442177,0.0314769975786926,0.0,149
llama_prompt_lr2e-5_e1_bbq.csv,llama,prompt,2e-5,1,Race_ethnicity,0.2746331236897275,0.3385744234800839,0.01444866920152088,0.0,484
llama_prompt_lr2e-5_e1_bbq.csv,llama,prompt,2e-5,1,Religion,0.25,0.3735294117647059,-0.007633587786259555,0.046296296296296335,64
llama_prompt_lr2e-5_e1_bbq.csv,llama,prompt,2e-5,1,SES,0.21774193548387097,0.33568548387096775,0.007541478129713397,-0.018334173387096774,292
llama_prompt_lr2e-5_e1_bbq.csv,llama,prompt,2e-5,1,Sexual_orientation,0.21484375,0.359375,-0.03664921465968585,0.027343749999999962,65
llama_prompt_lr2e-5_e5_bbq.csv,llama,prompt,2e-5,5,Age,0.2767857142857143,0.6220238095238095,0.05229793977813002,0.008928571428571468,41
llama_prompt_lr2e-5_e5_bbq.csv,llama,prompt,2e-5,5,Disability_status,0.20588235294117646,0.5380622837370242,0.0815939278937381,0.04325259515570931,51
llama_prompt_lr2e-5_e5_bbq.csv,llama,prompt,2e-5,5,Gender_identity,0.14122596153846154,0.5775240384615384,0.05695364238410594,0.02223557692307683,154
llama_prompt_lr2e-5_e5_bbq.csv,llama,prompt,2e-5,5,Nationality,0.2478723404255319,0.5585106382978723,-0.006211180124223614,-0.007446808510638305,135
llama_prompt_lr2e-5_e5_bbq.csv,llama,prompt,2e-5,5,Physical_appearance,0.2193877551020408,0.5136054421768708,0.15019762845849804,0.08333333333333333,82
llama_prompt_lr2e-5_e5_bbq.csv,llama,prompt,2e-5,5,Race_ethnicity,0.22536687631027252,0.6121593291404612,0.04983388704318936,0.01467505241090142,102
llama_prompt_lr2e-5_e5_bbq.csv,llama,prompt,2e-5,5,Religion,0.3176470588235294,0.5470588235294118,0.1202749140893471,0.0647058823529412,49
llama_prompt_lr2e-5_e5_bbq.csv,llama,prompt,2e-5,5,SES,0.24092741935483872,0.5473790322580645,0.05191873589164775,0.031249999999999972,106
llama_prompt_lr2e-5_e5_bbq.csv,llama,prompt,2e-5,5,Sexual_orientation,0.21875,0.5625,-0.05785123966942152,0.007812500000000007,14
llama_ptuning_lr2e-5_e1_bbq.csv,llama,ptuning,2e-5,1,Age,0.35267857142857145,0.8318452380952381,0.11951588502269295,0.33779761904761907,11
llama_ptuning_lr2e-5_e1_bbq.csv,llama,ptuning,2e-5,1,Disability_status,0.3044982698961938,0.9463667820069204,0.04409171075837737,0.38408304498269896,11
llama_ptuning_lr2e-5_e1_bbq.csv,llama,ptuning,2e-5,1,Gender_identity,0.6923076923076923,0.8990384615384616,0.0228013029315961,0.12259615384615385,129
llama_ptuning_lr2e-5_e1_bbq.csv,llama,ptuning,2e-5,1,Nationality,0.6882978723404255,0.8595744680851064,0.03529411764705892,0.1031841526045488,90
llama_ptuning_lr2e-5_e1_bbq.csv,llama,ptuning,2e-5,1,Physical_appearance,0.4897959183673469,0.7840136054421769,0.1351351351351351,0.3673469387755102,70
llama_ptuning_lr2e-5_e1_bbq.csv,llama,ptuning,2e-5,1,Race_ethnicity,0.6063941299790356,0.9580712788259959,0.0015982951518380695,0.023584905660377332,31
llama_ptuning_lr2e-5_e1_bbq.csv,llama,ptuning,2e-5,1,Religion,0.6647058823529411,0.8058823529411765,0.07051282051282048,0.18235294117647058,28
llama_ptuning_lr2e-5_e1_bbq.csv,llama,ptuning,2e-5,1,SES,0.42439516129032256,0.9354838709677419,0.13786008230452684,0.16633064516129034,20
llama_ptuning_lr2e-5_e1_bbq.csv,llama,ptuning,2e-5,1,Sexual_orientation,0.7265625,0.93359375,0.028340080971659853,0.11718750000000001,9
llama_ptuning_lr2e-5_e5_bbq.csv,llama,ptuning,2e-5,5,Age,0.2693452380952381,0.84375,0.08597285067873295,0.3497023809523809,9
llama_ptuning_lr2e-5_e5_bbq.csv,llama,ptuning,2e-5,5,Disability_status,0.3079584775086505,0.916955017301038,0.08833922261484095,0.3806228373702422,12
llama_ptuning_lr2e-5_e5_bbq.csv,llama,ptuning,2e-5,5,Gender_identity,0.5979567307692307,0.8816105769230769,0.0567741935483872,0.15444711538461536,114
llama_ptuning_lr2e-5_e5_bbq.csv,llama,ptuning,2e-5,5,Nationality,0.65,0.8425531914893617,0.05188679245283012,0.1074468085106383,92
llama_ptuning_lr2e-5_e5_bbq.csv,llama,ptuning,2e-5,5,Physical_appearance,0.477891156462585,0.7414965986394558,0.15537848605577698,0.3860544217687076,86
llama_ptuning_lr2e-5_e5_bbq.csv,llama,ptuning,2e-5,5,Race_ethnicity,0.5545073375262054,0.9591194968553459,0.009009009009008917,0.0026236316989034026,21
llama_ptuning_lr2e-5_e5_bbq.csv,llama,ptuning,2e-5,5,Religion,0.6352941176470588,0.7911764705882353,0.08227848101265822,0.1352941176470588,24
llama_ptuning_lr2e-5_e5_bbq.csv,llama,ptuning,2e-5,5,SES,0.3649193548387097,0.9435483870967742,0.13967611336032393,0.1834677419354839,4
llama_ptuning_lr2e-5_e5_bbq.csv,llama,ptuning,2e-5,5,Sexual_orientation,0.62890625,0.93359375,0.023809523809523725,0.09765624999999997,4
mistral_ia3_lr2e-5_e1_bbq.csv,mistral,ia3,2e-5,1,Age,0.43898809523809523,0.8184523809523809,0.11811023622047245,0.20684523809523805,37
mistral_ia3_lr2e-5_e1_bbq.csv,mistral,ia3,2e-5,1,Disability_status,0.5899653979238755,0.7941176470588235,0.0691823899371069,0.19204152249134948,101
mistral_ia3_lr2e-5_e1_bbq.csv,mistral,ia3,2e-5,1,Gender_identity,0.5955528846153846,0.8780048076923077,0.012658227848101333,0.1448317307692308,163
mistral_ia3_lr2e-5_e1_bbq.csv,mistral,ia3,2e-5,1,Nationality,0.6265957446808511,0.8765957446808511,0.04326923076923084,0.08191489361702128,108
mistral_ia3_lr2e-5_e1_bbq.csv,mistral,ia3,2e-5,1,Physical_appearance,0.5986394557823129,0.6887755102040817,0.09287257019438444,0.29591836734693877,125
mistral_ia3_lr2e-5_e1_bbq.csv,mistral,ia3,2e-5,1,Race_ethnicity,0.6215932914046122,0.8957023060796646,0.01931818181818179,0.012578616352201222,148
mistral_ia3_lr2e-5_e1_bbq.csv,mistral,ia3,2e-5,1,Religion,0.8058823529411765,0.75,0.06617647058823528,0.11176470588235292,68
mistral_ia3_lr2e-5_e1_bbq.csv,mistral,ia3,2e-5,1,SES,0.6310483870967742,0.8064516129032258,0.20047169811320753,0.17338709677419356,144
mistral_ia3_lr2e-5_e1_bbq.csv,mistral,ia3,2e-5,1,Sexual_orientation,0.68359375,0.80859375,0.045454545454545414,0.10546874999999997,36
mistral_ia3_lr2e-5_e5_bbq.csv,mistral,ia3,2e-5,5,Age,0.40029761904761907,0.8377976190476191,0.10971786833855801,0.2068452380952381,34
mistral_ia3_lr2e-5_e5_bbq.csv,mistral,ia3,2e-5,5,Disability_status,0.5709342560553633,0.801038062283737,0.07468879668049788,0.18339100346020765,96
mistral_ia3_lr2e-5_e5_bbq.csv,mistral,ia3,2e-5,5,Gender_identity,0.5739182692307693,0.8846153846153846,0.012475377544320487,0.16045673076923078,141
mistral_ia3_lr2e-5_e5_bbq.csv,mistral,ia3,2e-5,5,Nationality,0.5712765957446808,0.8904255319148936,0.05200945626477549,0.07978723404255324,94
mistral_ia3_lr2e-5_e5_bbq.csv,mistral,ia3,2e-5,5,Physical_appearance,0.5850340136054422,0.7006802721088435,0.09704641350210963,0.30272108843537415,114
mistral_ia3_lr2e-5_e5_bbq.csv,mistral,ia3,2e-5,5,Race_ethnicity,0.6236897274633124,0.8867924528301887,0.014277555682467247,0.014675052410901494,157
mistral_ia3_lr2e-5_e5_bbq.csv,mistral,ia3,2e-5,5,Religion,0.7970588235294118,0.7470588235294118,0.0627306273062731,0.09117647058823528,69
mistral_ia3_lr2e-5_e5_bbq.csv,mistral,ia3,2e-5,5,SES,0.6290322580645161,0.813508064516129,0.20605355064027941,0.17741935483870963,133
mistral_ia3_lr2e-5_e5_bbq.csv,mistral,ia3,2e-5,5,Sexual_orientation,0.66015625,0.82421875,0.06666666666666665,0.10546874999999999,31
mistral_lora_lr2e-5_e1_bbq.csv,mistral,lora,2e-5,1,Age,0.2976190476190476,0.8080357142857143,0.0888888888888888,0.2023809523809523,42
mistral_lora_lr2e-5_e1_bbq.csv,mistral,lora,2e-5,1,Disability_status,0.532871972318339,0.7958477508650519,0.046025104602510414,0.19377162629757785,100
mistral_lora_lr2e-5_e1_bbq.csv,mistral,lora,2e-5,1,Gender_identity,0.4963942307692308,0.8828125,0.014341590612777066,0.16466346153846154,130
mistral_lora_lr2e-5_e1_bbq.csv,mistral,lora,2e-5,1,Nationality,0.5,0.9212765957446809,0.038812785388127935,0.11063829787234047,64
mistral_lora_lr2e-5_e1_bbq.csv,mistral,lora,2e-5,1,Physical_appearance,0.4642857142857143,0.7074829931972789,0.09730848861283636,0.40646258503401356,105
mistral_lora_lr2e-5_e1_bbq.csv,mistral,lora,2e-5,1,Race_ethnicity,0.5681341719077568,0.8852201257861635,0.016853932584269593,0.01886792452830188,128
mistral_lora_lr2e-5_e1_bbq.csv,mistral,lora,2e-5,1,Religion,0.7382352941176471,0.7323529411764705,0.08550185873605942,0.15,71
mistral_lora_lr2e-5_e1_bbq.csv,mistral,lora,2e-5,1,SES,0.5554435483870968,0.8377016129032258,0.2192393736017897,0.24899193548387102,98
mistral_lora_lr2e-5_e1_bbq.csv,mistral,lora,2e-5,1,Sexual_orientation,0.6484375,0.82421875,0.026315789473684292,0.07031249999999999,28
mistral_lora_lr2e-5_e5_bbq.csv,mistral,lora,2e-5,5,Age,0.28422619047619047,0.8199404761904762,0.10062893081761004,0.22172619047619047,36
mistral_lora_lr2e-5_e5_bbq.csv,mistral,lora,2e-5,5,Disability_status,0.4671280276816609,0.8166089965397924,0.07910750507099396,0.22837370242214533,85
mistral_lora_lr2e-5_e5_bbq.csv,mistral,lora,2e-5,5,Gender_identity,0.43509615384615385,0.8978365384615384,0.023672424824056293,0.15865384615384612,101
mistral_lora_lr2e-5_e5_bbq.csv,mistral,lora,2e-5,5,Nationality,0.4925531914893617,0.9138297872340425,0.05119453924914685,0.09893617021276593,61
mistral_lora_lr2e-5_e5_bbq.csv,mistral,lora,2e-5,5,Physical_appearance,0.39965986394557823,0.7125850340136054,0.09306930693069315,0.457482993197279,83
mistral_lora_lr2e-5_e5_bbq.csv,mistral,lora,2e-5,5,Race_ethnicity,0.49580712788259956,0.9051362683438156,0.00439560439560438,0.03249475890985328,88
mistral_lora_lr2e-5_e5_bbq.csv,mistral,lora,2e-5,5,Religion,0.6970588235294117,0.7441176470588236,0.06617647058823528,0.1558823529411765,68
mistral_lora_lr2e-5_e5_bbq.csv,mistral,lora,2e-5,5,SES,0.5292338709677419,0.8417338709677419,0.22015334063526826,0.2389112903225807,79
mistral_lora_lr2e-5_e5_bbq.csv,mistral,lora,2e-5,5,Sexual_orientation,0.55078125,0.83203125,0.0042918454935623185,0.08984374999999999,23
mistral_prompt_lr2e-5_e1_bbq.csv,mistral,prompt,2e-5,1,Age,0.24404761904761904,0.7321428571428571,0.1182108626198084,0.19047619047619047,46
mistral_prompt_lr2e-5_e1_bbq.csv,mistral,prompt,2e-5,1,Disability_status,0.3685121107266436,0.7629757785467128,0.210727969348659,0.3442906574394464,56
mistral_prompt_lr2e-5_e1_bbq.csv,mistral,prompt,2e-5,1,Gender_identity,0.4338942307692308,0.8816105769230769,0.05905006418485237,0.18028846153846148,106
mistral_prompt_lr2e-5_e1_bbq.csv,mistral,prompt,2e-5,1,Nationality,0.41808510638297874,0.8819148936170212,-0.009237875288683584,0.0606382978723404,74
mistral_prompt_lr2e-5_e1_bbq.csv,mistral,prompt,2e-5,1,Physical_appearance,0.37755102040816324,0.685374149659864,0.14919354838709675,0.3673469387755102,92
mistral_prompt_lr2e-5_e1_bbq.csv,mistral,prompt,2e-5,1,Race_ethnicity,0.4261006289308176,0.8632075471698113,0.021824286513710156,0.018343815513626866,121
mistral_prompt_lr2e-5_e1_bbq.csv,mistral,prompt,2e-5,1,Religion,0.6029411764705882,0.7235294117647059,0.11111111111111116,0.19705882352941176,34
mistral_prompt_lr2e-5_e1_bbq.csv,mistral,prompt,2e-5,1,SES,0.5020161290322581,0.7862903225806451,0.19904648390941593,0.22782258064516125,153
mistral_prompt_lr2e-5_e1_bbq.csv,mistral,prompt,2e-5,1,Sexual_orientation,0.46484375,0.765625,-0.004444444444444473,0.13671875,31
mistral_prompt_lr2e-5_e5_bbq.csv,mistral,prompt,2e-5,5,Age,0.4226190476190476,0.7752976190476191,0.12460063897763574,0.19940476190476195,46
mistral_prompt_lr2e-5_e5_bbq.csv,mistral,prompt,2e-5,5,Disability_status,0.5069204152249135,0.71280276816609,0.1900826446280992,0.2569569667137775,94
mistral_prompt_lr2e-5_e5_bbq.csv,mistral,prompt,2e-5,5,Gender_identity,0.48497596153846156,0.8641826923076923,0.028382838283828482,0.13838262715672178,149
mistral_prompt_lr2e-5_e5_bbq.csv,mistral,prompt,2e-5,5,Nationality,0.5468085106382978,0.8404255319148937,0.05938242280285033,0.07268165395423529,98
mistral_prompt_lr2e-5_e5_bbq.csv,mistral,prompt,2e-5,5,Physical_appearance,0.4642857142857143,0.6938775510204082,0.08617234468937873,0.2968607825295724,89
mistral_prompt_lr2e-5_e5_bbq.csv,mistral,prompt,2e-5,5,Race_ethnicity,0.5220125786163522,0.8464360587002097,0.02444570778851629,0.049266247379454946,149
mistral_prompt_lr2e-5_e5_bbq.csv,mistral,prompt,2e-5,5,Religion,0.7382352941176471,0.7147058823529412,0.13793103448275867,0.10882352941176467,50
mistral_prompt_lr2e-5_e5_bbq.csv,mistral,prompt,2e-5,5,SES,0.532258064516129,0.7691532258064516,0.15307262569832392,0.2338709677419355,97
mistral_prompt_lr2e-5_e5_bbq.csv,mistral,prompt,2e-5,5,Sexual_orientation,0.66796875,0.796875,0.049327354260089606,0.09765625000000003,33
mistral_ptuning_lr2e-5_e1_bbq.csv,mistral,ptuning,2e-5,1,Age,0.34523809523809523,0.8303571428571429,0.10223642172523961,0.2708333333333333,46
mistral_ptuning_lr2e-5_e1_bbq.csv,mistral,ptuning,2e-5,1,Disability_status,0.45674740484429066,0.8096885813148789,0.06374501992031867,0.22145328719723179,76
mistral_ptuning_lr2e-5_e1_bbq.csv,mistral,ptuning,2e-5,1,Gender_identity,0.4909855769230769,0.8611778846153846,0.037137069547602986,0.20252403846153855,183
mistral_ptuning_lr2e-5_e1_bbq.csv,mistral,ptuning,2e-5,1,Nationality,0.5138297872340426,0.8702127659574468,0.05250596658711215,0.09680851063829791,102
mistral_ptuning_lr2e-5_e1_bbq.csv,mistral,ptuning,2e-5,1,Physical_appearance,0.44387755102040816,0.7346938775510204,0.06822612085769975,0.3520408163265306,75
mistral_ptuning_lr2e-5_e1_bbq.csv,mistral,ptuning,2e-5,1,Race_ethnicity,0.589622641509434,0.8674004192872118,0.011299435028248483,0.04035639412997904,138
mistral_ptuning_lr2e-5_e1_bbq.csv,mistral,ptuning,2e-5,1,Religion,0.7088235294117647,0.7382352941176471,0.1208791208791209,0.14999999999999997,67
mistral_ptuning_lr2e-5_e1_bbq.csv,mistral,ptuning,2e-5,1,SES,0.5413306451612904,0.8629032258064516,0.1995708154506437,0.21270161290322573,60
mistral_ptuning_lr2e-5_e1_bbq.csv,mistral,ptuning,2e-5,1,Sexual_orientation,0.609375,0.8125,0.02183406113537112,0.14062500000000003,27
mistral_ptuning_lr2e-5_e5_bbq.csv,mistral,ptuning,2e-5,5,Age,0.40327380952380953,0.8065476190476191,0.16045380875202597,0.24116395262768325,55
mistral_ptuning_lr2e-5_e5_bbq.csv,mistral,ptuning,2e-5,5,Disability_status,0.5294117647058824,0.78719723183391,0.12368972746331242,0.16806722689075634,101
mistral_ptuning_lr2e-5_e5_bbq.csv,mistral,ptuning,2e-5,5,Gender_identity,0.5288461538461539,0.8647836538461539,0.027683997299122298,0.17030455479822565,181
mistral_ptuning_lr2e-5_e5_bbq.csv,mistral,ptuning,2e-5,5,Nationality,0.5553191489361702,0.8936170212765957,0.04550758459743287,0.06759148936170209,83
mistral_ptuning_lr2e-5_e5_bbq.csv,mistral,ptuning,2e-5,5,Physical_appearance,0.48639455782312924,0.7278911564625851,0.13292433537832316,0.34004222378606613,97
mistral_ptuning_lr2e-5_e5_bbq.csv,mistral,ptuning,2e-5,5,Race_ethnicity,0.5917190775681341,0.859538784067086,0.029816513761467878,0.046241761932890924,164
mistral_ptuning_lr2e-5_e5_bbq.csv,mistral,ptuning,2e-5,5,Religion,0.711764705882353,0.711764705882353,0.125925925925926,0.13101604278074866,69
mistral_ptuning_lr2e-5_e5_bbq.csv,mistral,ptuning,2e-5,5,SES,0.6290322580645161,0.8397177419354839,0.1801104972375691,0.201127089001166,86
mistral_ptuning_lr2e-5_e5_bbq.csv,mistral,ptuning,2e-5,5,Sexual_orientation,0.6171875,0.80078125,-0.017391304347826098,0.10026041666666666,26
qwen_ia3_lr2e-5_e1_bbq.csv,qwen,ia3,2e-5,1,Age,0.8184523809523809,0.8318452380952381,0.07801418439716312,0.10714285714285715,108
qwen_ia3_lr2e-5_e1_bbq.csv,qwen,ia3,2e-5,1,Disability_status,0.9636678200692042,0.8235294117647058,0.0886597938144329,0.03633217993079585,93
qwen_ia3_lr2e-5_e1_bbq.csv,qwen,ia3,2e-5,1,Gender_identity,0.9981971153846154,0.8179086538461539,0.053456878118317785,0.0018028846153845812,261
qwen_ia3_lr2e-5_e1_bbq.csv,qwen,ia3,2e-5,1,Nationality,0.9819148936170212,0.7340425531914894,0.027181688125894166,0.001063829787234046,241
qwen_ia3_lr2e-5_e1_bbq.csv,qwen,ia3,2e-5,1,Physical_appearance,0.8571428571428571,0.6054421768707483,0.07619047619047614,0.13945578231292524,168
qwen_ia3_lr2e-5_e1_bbq.csv,qwen,ia3,2e-5,1,Race_ethnicity,0.9439203354297694,0.8805031446540881,-0.001187648456057011,0.0026205450733752566,224
qwen_ia3_lr2e-5_e1_bbq.csv,qwen,ia3,2e-5,1,Religion,0.9294117647058824,0.8382352941176471,0.054421768707483054,0.05882352941176468,46
qwen_ia3_lr2e-5_e1_bbq.csv,qwen,ia3,2e-5,1,SES,0.9667338709677419,0.8034274193548387,0.1569839307787393,0.025201612903225847,183
qwen_ia3_lr2e-5_e1_bbq.csv,qwen,ia3,2e-5,1,Sexual_orientation,0.94140625,0.78125,-0.014778325123152691,0.05859375,53
qwen_ia3_lr2e-5_e5_bbq.csv,qwen,ia3,2e-5,5,Age,0.8110119047619048,0.8363095238095238,0.07342657342657333,0.11160714285714286,100
qwen_ia3_lr2e-5_e5_bbq.csv,qwen,ia3,2e-5,5,Disability_status,0.9550173010380623,0.8408304498269896,0.09090909090909083,0.041522491349480994,83
qwen_ia3_lr2e-5_e5_bbq.csv,qwen,ia3,2e-5,5,Gender_identity,0.9981971153846154,0.8311298076923077,0.04842105263157892,0.0018028846153845812,239
qwen_ia3_lr2e-5_e5_bbq.csv,qwen,ia3,2e-5,5,Nationality,0.9819148936170212,0.7393617021276596,0.022662889518413554,0.001063829787234046,234
qwen_ia3_lr2e-5_e5_bbq.csv,qwen,ia3,2e-5,5,Physical_appearance,0.8469387755102041,0.6326530612244898,0.05504587155963292,0.14625850340136048,152
qwen_ia3_lr2e-5_e5_bbq.csv,qwen,ia3,2e-5,5,Race_ethnicity,0.9407756813417191,0.8831236897274634,-0.002960331557134377,0.00157232704402516,219
qwen_ia3_lr2e-5_e5_bbq.csv,qwen,ia3,2e-5,5,Religion,0.9235294117647059,0.85,0.05369127516778516,0.05882352941176466,42
qwen_ia3_lr2e-5_e5_bbq.csv,qwen,ia3,2e-5,5,SES,0.967741935483871,0.8155241935483871,0.16121212121212114,0.024193548387096753,167
qwen_ia3_lr2e-5_e5_bbq.csv,qwen,ia3,2e-5,5,Sexual_orientation,0.9375,0.80078125,-0.004830917874396157,0.0546875,49
qwen_lora_lr2e-5_e1_bbq.csv,qwen,lora,2e-5,1,Age,0.7976190476190477,0.8244047619047619,0.08185053380782925,0.12499999999999997,110
qwen_lora_lr2e-5_e1_bbq.csv,qwen,lora,2e-5,1,Disability_status,0.9498269896193772,0.8269896193771626,0.08453608247422673,0.04325259515570933,93
qwen_lora_lr2e-5_e1_bbq.csv,qwen,lora,2e-5,1,Gender_identity,0.9975961538461539,0.8263221153846154,0.04532577903682711,0.0012019230769230727,252
qwen_lora_lr2e-5_e1_bbq.csv,qwen,lora,2e-5,1,Nationality,0.9819148936170212,0.7351063829787234,0.03142857142857136,0.001063829787234046,240
qwen_lora_lr2e-5_e1_bbq.csv,qwen,lora,2e-5,1,Physical_appearance,0.8503401360544217,0.6054421768707483,0.07619047619047614,0.1462585034013606,168
qwen_lora_lr2e-5_e1_bbq.csv,qwen,lora,2e-5,1,Race_ethnicity,0.9412997903563941,0.8841719077568134,0.0023640661938533203,0.0020964360587002163,216
qwen_lora_lr2e-5_e1_bbq.csv,qwen,lora,2e-5,1,Religion,0.9264705882352942,0.8352941176470589,0.06440677966101704,0.05588235294117644,45
qwen_lora_lr2e-5_e1_bbq.csv,qwen,lora,2e-5,1,SES,0.9657258064516129,0.8034274193548387,0.16790123456790118,0.026209677419354857,182
qwen_lora_lr2e-5_e1_bbq.csv,qwen,lora,2e-5,1,Sexual_orientation,0.9453125,0.77734375,-0.00990099009900991,0.0546875,54
qwen_lora_lr2e-5_e5_bbq.csv,qwen,lora,2e-5,5,Age,0.7752976190476191,0.8303571428571429,0.08318584070796464,0.14136904761904762,107
qwen_lora_lr2e-5_e5_bbq.csv,qwen,lora,2e-5,5,Disability_status,0.9377162629757786,0.8321799307958477,0.0901639344262295,0.05190311418685117,90
qwen_lora_lr2e-5_e5_bbq.csv,qwen,lora,2e-5,5,Gender_identity,0.9963942307692307,0.8353365384615384,0.04146170063246668,0.0024038461538461826,241
qwen_lora_lr2e-5_e5_bbq.csv,qwen,lora,2e-5,5,Nationality,0.9808510638297873,0.7287234042553191,0.03142857142857136,0.002127659574468083,240
qwen_lora_lr2e-5_e5_bbq.csv,qwen,lora,2e-5,5,Physical_appearance,0.8350340136054422,0.6122448979591837,0.0776470588235294,0.15816326530612246,163
qwen_lora_lr2e-5_e5_bbq.csv,qwen,lora,2e-5,5,Race_ethnicity,0.9365828092243187,0.8862683438155137,0.001767825574543247,0.002620545073375266,211
qwen_lora_lr2e-5_e5_bbq.csv,qwen,lora,2e-5,5,Religion,0.9205882352941176,0.8411764705882353,0.06397306397306401,0.05588235294117651,43
qwen_lora_lr2e-5_e5_bbq.csv,qwen,lora,2e-5,5,SES,0.9596774193548387,0.8074596774193549,0.16034271725826188,0.032258064516129004,175
qwen_lora_lr2e-5_e5_bbq.csv,qwen,lora,2e-5,5,Sexual_orientation,0.9453125,0.7734375,-0.014925373134328401,0.0546875,55
qwen_prompt_lr2e-5_e1_bbq.csv,qwen,prompt,2e-5,1,Age,0.875,0.8050595238095238,0.08860759493670889,0.08035714285714285,119
qwen_prompt_lr2e-5_e1_bbq.csv,qwen,prompt,2e-5,1,Disability_status,0.9757785467128027,0.7923875432525952,0.07264957264957261,0.02422145328719727,110
qwen_prompt_lr2e-5_e1_bbq.csv,qwen,prompt,2e-5,1,Gender_identity,0.9993990384615384,0.8076923076923077,0.036337209302325535,0.0006009615384615641,288
qwen_prompt_lr2e-5_e1_bbq.csv,qwen,prompt,2e-5,1,Nationality,0.9819148936170212,0.7170212765957447,0.0363901018922852,0.001063829787234046,253
qwen_prompt_lr2e-5_e1_bbq.csv,qwen,prompt,2e-5,1,Physical_appearance,0.8894557823129252,0.5816326530612245,0.07881773399014769,0.11054421768707479,182
qwen_prompt_lr2e-5_e1_bbq.csv,qwen,prompt,2e-5,1,Race_ethnicity,0.9481132075471698,0.8752620545073375,0.004184100418409997,0.0005241090146750562,235
qwen_prompt_lr2e-5_e1_bbq.csv,qwen,prompt,2e-5,1,Religion,0.9323529411764706,0.8117647058823529,0.021126760563380254,0.055882352941176446,56
qwen_prompt_lr2e-5_e1_bbq.csv,qwen,prompt,2e-5,1,SES,0.9858870967741935,0.7862903225806451,0.1628498727735368,0.012096774193548425,206
qwen_prompt_lr2e-5_e1_bbq.csv,qwen,prompt,2e-5,1,Sexual_orientation,0.953125,0.75390625,-0.020618556701030966,0.046875,62
qwen_prompt_lr2e-5_e5_bbq.csv,qwen,prompt,2e-5,5,Age,0.8645833333333334,0.8139880952380952,0.09318996415770608,0.0907738095238095,114
qwen_prompt_lr2e-5_e5_bbq.csv,qwen,prompt,2e-5,5,Disability_status,0.9705882352941176,0.7837370242214533,0.08893709327548804,0.02941176470588236,117
qwen_prompt_lr2e-5_e5_bbq.csv,qwen,prompt,2e-5,5,Gender_identity,0.9993990384615384,0.8004807692307693,0.03616236162361619,0.0006009615384615641,309
qwen_prompt_lr2e-5_e5_bbq.csv,qwen,prompt,2e-5,5,Nationality,0.9797872340425532,0.7127659574468085,0.0540145985401459,0.0010638297872340415,255
qwen_prompt_lr2e-5_e5_bbq.csv,qwen,prompt,2e-5,5,Physical_appearance,0.8826530612244898,0.5935374149659864,0.0997566909975669,0.11734693877551017,177
qwen_prompt_lr2e-5_e5_bbq.csv,qwen,prompt,2e-5,5,Race_ethnicity,0.9444444444444444,0.8752620545073375,0.00896592946802155,0.0,235
qwen_prompt_lr2e-5_e5_bbq.csv,qwen,prompt,2e-5,5,Religion,0.9235294117647059,0.7970588235294118,0.032258064516129004,0.0529411764705882,61
qwen_prompt_lr2e-5_e5_bbq.csv,qwen,prompt,2e-5,5,SES,0.9879032258064516,0.7893145161290323,0.16666666666666674,0.010080645161290312,200
qwen_prompt_lr2e-5_e5_bbq.csv,qwen,prompt,2e-5,5,Sexual_orientation,0.9453125,0.76953125,-0.025125628140703515,0.046875,57
qwen_ptuning_lr2e-5_e1_bbq.csv,qwen,ptuning,2e-5,1,Age,0.8258928571428571,0.8020833333333334,0.08765652951699465,0.11755952380952385,113
qwen_ptuning_lr2e-5_e1_bbq.csv,qwen,ptuning,2e-5,1,Disability_status,0.9515570934256056,0.8494809688581315,0.0905432595573441,0.0380622837370242,81
qwen_ptuning_lr2e-5_e1_bbq.csv,qwen,ptuning,2e-5,1,Gender_identity,0.9969951923076923,0.8251201923076923,0.05649717514124286,0.001802884615384626,248
qwen_ptuning_lr2e-5_e1_bbq.csv,qwen,ptuning,2e-5,1,Nationality,0.9851063829787234,0.7340425531914894,0.021520803443328518,0.0021276595744680795,243
qwen_ptuning_lr2e-5_e1_bbq.csv,qwen,ptuning,2e-5,1,Physical_appearance,0.8571428571428571,0.6326530612244898,0.08545034642032334,0.13945578231292524,155
qwen_ptuning_lr2e-5_e1_bbq.csv,qwen,ptuning,2e-5,1,Race_ethnicity,0.9428721174004193,0.879979035639413,0.0035629453681709222,0.0036687631027253684,224
qwen_ptuning_lr2e-5_e1_bbq.csv,qwen,ptuning,2e-5,1,Religion,0.9382352941176471,0.8058823529411765,0.04195804195804187,0.05,54
qwen_ptuning_lr2e-5_e1_bbq.csv,qwen,ptuning,2e-5,1,SES,0.9657258064516129,0.7973790322580645,0.16896120150187732,0.02419354838709679,193
qwen_ptuning_lr2e-5_e1_bbq.csv,qwen,ptuning,2e-5,1,Sexual_orientation,0.94921875,0.78125,-0.02970297029702973,0.05078125,54
qwen_ptuning_lr2e-5_e5_bbq.csv,qwen,ptuning,2e-5,5,Age,0.7633928571428571,0.8452380952380952,0.1069609507640068,0.14732142857142863,83
qwen_ptuning_lr2e-5_e5_bbq.csv,qwen,ptuning,2e-5,5,Disability_status,0.9446366782006921,0.8615916955017301,0.0714285714285714,0.04844290657439443,74
qwen_ptuning_lr2e-5_e5_bbq.csv,qwen,ptuning,2e-5,5,Gender_identity,0.9939903846153846,0.8275240384615384,0.0572625698324023,0.0012019230769230835,232
qwen_ptuning_lr2e-5_e5_bbq.csv,qwen,ptuning,2e-5,5,Nationality,0.9765957446808511,0.7393617021276596,0.0056657223796034994,-0.002127659574468084,234
qwen_ptuning_lr2e-5_e5_bbq.csv,qwen,ptuning,2e-5,5,Physical_appearance,0.8418367346938775,0.6224489795918368,0.07009345794392519,0.1479591836734694,160
qwen_ptuning_lr2e-5_e5_bbq.csv,qwen,ptuning,2e-5,5,Race_ethnicity,0.9381551362683438,0.889937106918239,0.0,0.0010482180293501025,204
qwen_ptuning_lr2e-5_e5_bbq.csv,qwen,ptuning,2e-5,5,Religion,0.9176470588235294,0.8411764705882353,0.07432432432432434,0.052941176470588255,44
qwen_ptuning_lr2e-5_e5_bbq.csv,qwen,ptuning,2e-5,5,SES,0.9526209677419355,0.8296370967741935,0.1722488038277512,0.03729838709677418,156
qwen_ptuning_lr2e-5_e5_bbq.csv,qwen,ptuning,2e-5,5,Sexual_orientation,0.9375,0.796875,-0.004784688995215336,0.0625,47
